Player,Deck,Decklist,Sideboard
Kestrel,Dorinthea,"Hero / Weapon / Equipment
1x Dorinthea Ironsong
1x Dawnblade
1x Braveforge Bracers
1x Fyendal's Spring Tunic
1x Nullrune Boots
Pitch 1
3x Driving Blade (red)
3x Warrior's Valor (red)
3x Sink Below (red)
3x Sigil of Solace (red)
Pitch 2
3x Rally the Rearguard (yel)
Pitch 3
3x Steelblade Shunt (blu)",
Marlowe,Bravo,"Hero: Bravo, Showstopper
Weapons: Anothos
Equipment: Tectonic Plating, Helm of Isen's Peak
Deck:
3x Crippling Crush (red)
3x Unmovable (red)
3x Show Time! (blue)
3x Sloggism (blue)",
Tamsin,Rhinar,"1x Rhinar, Reckless Rampage
1x Romping Club
1x Scabskin Leathers
1x Barkbone Strapping
3x Pack Hunt (red)
3x Bloodrush Bellow (yellow)
3x Wild Ride (blue)","2x Pummel (red)"
